datetime,Temperature,Dissolved Oxygen,pH,Turbidity
2019-01-01,5.5,12.7,7.3,3.2
2019-01-02,5.1,12.8,7.3,2.7
2019-01-03,5.4,12.7,7.3,2.5
2019-01-04,5.4,12.6,7.3,2.7
2019-01-05,5.2,12.5,7.3,2.3
2019-01-06,5.5,12.4,7.4,2.2
2019-01-07,5.5,12.6,7.4,2.3
2019-01-08,5.7,12.5,7.4,2.3
2019-01-09,6.0,12.3,7.4,2.3
2019-01-10,6.1,12.5,7.4,2.5
2019-01-11,5.5,12.6,7.4,2.1
2019-01-12,5.5,12.6,7.4,2.0
2019-01-13,5.3,12.7,7.4,2.0
2019-01-14,5.0,12.8,7.4,2.0
2019-01-15,4.6,12.8,7.4,1.9
2019-01-16,4.6,12.8,7.4,1.9
2019-01-17,5.0,12.7,7.4,1.9
2019-01-18,4.9,12.9,7.4,1.9
2019-01-19,5.3,12.8,7.4,10.4
2019-01-20,5.9,12.5,7.3,7.6
2019-01-21,6.2,12.4,7.2,6.0
2019-01-22,6.0,12.5,7.3,4.4
2019-01-23,6.7,12.4,7.3,4.6
2019-01-24,6.4,12.5,7.3,3.2
2019-01-25,6.3,12.5,7.3,2.6
2019-01-26,5.9,12.6,7.3,2.3
2019-01-27,5.8,12.6,7.3,2.0
2019-01-28,5.6,12.8,7.4,1.8
2019-01-29,5.4,12.7,7.3,1.6
2019-01-30,5.1,12.8,7.3,1.4
2019-02-01,5.3,12.6,7.4,1.2
2019-02-02,5.7,12.5,7.4,1.3
2019-02-03,5.5,12.5,7.4,1.3
2019-02-04,4.9,12.6,7.4,1.8
2019-02-05,4.6,12.9,7.4,1.8
2019-02-06,4.6,13.0,7.4,1.7
2019-02-07,4.1,13.3,7.5,1.5
2019-02-10,3.3,13.4,7.4,1.8
2019-02-11,3.8,13.1,7.4,5.0
2019-02-12,4.7,12.7,7.3,7.3
2019-02-13,4.7,12.7,7.3,9.5
2019-02-14,4.8,12.5,7.3,5.9
2019-02-15,5.0,12.7,7.3,5.0
2019-02-16,5.2,12.6,7.3,4.4
2019-02-17,5.1,12.8,7.3,4.8
2019-02-18,5.2,12.9,7.3,3.7
2019-02-19,5.3,12.8,7.4,3.1
2019-02-20,5.6,12.7,7.4,4.6
2019-02-21,5.2,12.9,7.4,3.6
2019-02-22,4.7,13.0,7.4,2.8
2019-02-23,5.4,12.8,7.4,3.4
2019-02-24,5.3,12.7,7.3,7.0
2019-02-25,4.8,12.8,7.3,4.4
2019-02-26,4.4,13.1,7.4,3.2
2019-02-27,3.7,13.2,7.4,2.8
2019-02-28,4.0,13.3,7.4,2.6
2019-03-01,4.5,13.2,7.4,2.5
2019-03-02,4.1,13.4,7.4,2.3
2019-03-03,3.8,13.5,7.5,2.2
2019-03-04,3.4,13.7,7.4,2.1
2019-03-06,3.2,13.4,7.4,1.7
2019-03-07,3.6,13.3,7.3,1.7
2019-03-08,3.8,13.4,7.4,1.9
2019-03-09,4.2,13.3,7.3,1.7
2019-03-10,4.2,13.5,7.4,1.6
2019-03-11,4.7,13.2,7.4,1.4
2019-03-12,5.5,12.7,7.3,1.7
2019-03-13,5.3,13.0,7.4,2.3
2019-03-14,5.7,13.0,7.3,1.7
2019-03-15,6.2,12.9,7.6,1.5
2019-03-16,6.4,13.0,7.7,1.5
2019-03-17,6.8,12.8,7.7,1.5
2019-03-19,7.5,12.3,,1.8
2019-03-20,7.5,12.2,,2.2
2019-03-21,7.2,12.3,,2.3
2019-03-22,6.9,12.3,,2.3
2019-03-23,7.2,12.4,,2.2
2019-03-24,7.4,12.4,,2.1
2019-03-25,6.6,12.2,,2.0
2019-03-26,7.4,12.3,,1.8
2019-03-27,6.7,12.3,,1.8
2019-03-28,7.0,12.3,,1.7
2019-03-29,7.7,12.4,,1.7
2019-03-30,7.6,12.4,,1.8
2019-03-31,7.7,12.3,,1.9
2019-04-01,7.8,12.1,,1.8
2019-04-02,7.8,11.9,,1.7
2019-04-03,7.9,11.9,,1.7
2019-04-04,7.4,12.1,,2.1
2019-04-05,7.3,11.9,,2.5
2019-04-06,7.1,12.0,,3.1
2019-04-07,6.8,12.2,,11.6
2019-04-08,6.4,12.8,,56.8
2019-04-09,6.7,12.8,,39.3
2019-04-11,6.9,12.5,7.3,19.2
2019-04-12,7.2,12.3,7.3,13.9
2019-04-13,7.2,12.2,7.3,8.8
2019-04-14,7.1,12.2,7.3,6.5
2019-04-15,6.9,12.1,7.3,5.5
2019-04-16,7.3,12.0,7.4,4.4
2019-04-17,7.8,11.9,7.4,3.8
2019-04-18,8.7,11.7,7.4,3.3
2019-04-21,8.9,11.6,7.4,2.8
2019-04-23,9.0,11.6,7.4,2.3
2019-04-24,9.3,11.6,7.4,2.3
2019-04-25,9.3,11.5,7.4,2.1
2019-04-26,9.8,11.4,7.4,2.1
2019-04-27,9.6,11.5,7.5,1.9
2019-04-28,9.5,11.5,7.5,1.9
2019-04-29,9.4,11.5,7.5,1.9
2019-04-30,9.5,11.5,7.5,1.7
2019-05-01,9.6,11.5,7.5,1.7
2019-05-02,9.8,11.5,7.5,1.6
2019-05-03,10.1,11.5,7.6,1.6
2019-05-04,10.5,11.3,7.6,1.5
2019-05-05,11.1,11.2,7.6,1.5
2019-05-06,11.6,11.1,7.6,1.4
2019-05-07,12.1,11.0,7.7,1.4
2019-05-08,12.4,11.0,7.7,1.3
2019-05-09,13.0,10.8,7.6,1.3
2019-05-10,13.2,10.7,7.7,1.3
2019-05-11,13.6,10.6,7.7,1.2
2019-05-12,13.6,10.6,7.7,1.2
2019-05-16,12.2,10.6,7.6,1.3
2019-05-17,12.1,10.9,7.7,1.2
2019-05-18,12.4,10.8,7.7,1.2
2019-05-19,12.2,10.8,7.7,1.5
2019-05-20,11.8,10.9,7.7,1.3
2019-05-21,12.3,10.9,7.7,1.2
2019-05-22,12.5,10.9,7.7,1.1
2019-05-24,12.3,10.8,7.7,0.7
2019-05-25,11.8,10.8,7.7,0.8
2019-05-26,12.9,10.8,7.8,1.1
2019-05-27,13.3,10.7,7.7,0.9
2019-05-28,12.6,10.9,7.8,1.0
2019-05-29,13.8,10.8,7.9,0.7
2019-05-30,14.7,10.5,7.9,0.6
2019-05-31,14.9,10.4,7.8,0.6
2019-06-01,15.8,10.2,7.8,0.5
2019-06-02,16.2,10.1,7.9,0.6
2019-06-03,16.5,10.0,7.9,0.5
2019-06-04,16.6,10.1,7.9,0.5
2019-06-05,15.9,10.0,7.9,0.5
2019-06-06,15.5,10.1,7.9,0.6
2019-06-07,15.3,10.2,7.9,0.7
2019-06-08,15.1,10.3,7.9,0.9
2019-06-09,15.8,10.2,7.8,0.7
2019-06-10,16.7,10.0,7.9,0.7
2019-06-11,17.7,9.8,7.8,0.6
2019-06-13,19.1,9.2,7.8,0.6
2019-06-14,18.0,9.3,7.7,0.6
2019-06-15,17.5,9.4,7.7,0.8
2019-06-16,18.3,9.3,7.7,0.7
2019-06-17,18.9,9.1,7.7,0.7
2019-06-18,18.8,9.1,7.7,0.6
2019-06-19,17.3,9.4,7.7,0.8
2019-06-20,17.0,9.5,7.7,0.8
2019-06-21,16.9,9.6,7.8,0.8
2019-06-22,17.0,9.6,7.7,0.6
2019-06-23,17.1,9.5,7.8,0.6
2019-06-24,17.2,9.5,7.8,0.5
2019-06-25,17.4,9.4,7.7,0.6
2019-06-26,17.8,9.3,7.7,0.6
2019-06-27,16.2,9.4,7.7,1.8
2019-06-28,17.0,9.7,7.7,1.0
2019-06-29,18.0,9.4,7.7,0.6
2019-06-30,18.7,9.3,7.7,0.6
2019-07-01,18.4,9.3,7.7,0.7
2019-07-02,17.2,9.4,7.7,0.8
2019-07-03,16.9,9.6,7.8,1.4
2019-07-04,18.1,9.4,7.8,0.9
2019-07-05,17.7,9.3,7.7,0.7
2019-07-06,16.9,9.6,7.8,0.8
2019-07-07,17.0,9.6,7.8,0.8
2019-07-08,18.0,9.4,7.8,0.6
2019-07-09,17.8,9.3,7.7,0.7
2019-07-11,18.9,9.4,7.8,0.6
2019-07-12,19.3,9.3,7.8,0.7
2019-07-13,19.6,9.2,7.8,0.7
2019-07-14,19.9,9.1,7.8,0.5
2019-07-15,19.6,9.1,7.8,0.6
2019-07-16,19.8,9.1,7.8,0.7
2019-07-17,19.1,9.1,7.7,0.7
2019-07-18,19.2,9.3,7.9,0.6
2019-07-19,19.0,9.3,7.8,0.8
2019-07-20,19.5,9.2,7.8,0.9
2019-07-21,20.2,9.0,7.8,0.7
2019-07-22,20.8,8.9,7.8,0.7
2019-07-23,19.6,9.1,7.7,0.9
2019-07-24,19.5,9.3,7.8,0.9
2019-07-25,20.1,9.1,7.8,0.9
2019-07-26,20.9,9.0,7.8,0.9
2019-07-27,20.4,9.0,7.8,0.8
2019-07-28,20.0,9.1,7.9,0.7
2019-07-29,20.6,9.0,7.9,0.6
2019-07-30,20.2,9.0,7.9,0.7
2019-07-31,20.3,9.0,7.9,0.8
2019-08-01,21.1,8.9,7.9,0.7
2019-08-02,20.6,9.0,7.9,0.8
2019-08-03,21.0,9.0,7.9,0.8
2019-08-04,21.4,8.9,7.9,0.7
2019-08-05,21.9,8.7,7.8,0.7
2019-08-06,21.9,8.8,8.0,0.7
2019-08-07,20.5,8.9,7.9,0.7
2019-08-08,19.3,8.9,7.7,0.8
2019-08-09,19.7,9.2,8.0,0.8
2019-08-10,19.9,9.0,7.8,0.8
2019-08-11,19.6,9.0,7.7,1.0
2019-08-12,19.8,9.2,7.9,0.8
2019-08-13,20.5,8.9,7.9,0.7
2019-08-14,20.9,9.0,8.0,0.7
2019-08-15,20.6,9.0,8.0,0.7
2019-08-16,20.1,9.2,8.0,0.9
2019-08-17,19.3,9.2,8.0,0.8
2019-08-18,19.0,9.2,7.9,0.8
2019-08-19,19.9,9.0,7.9,0.8
2019-08-20,19.9,9.1,8.0,0.8
2019-08-21,18.9,9.1,7.8,0.8
2019-08-22,18.9,9.4,8.0,0.7
2019-08-23,19.1,9.3,8.0,0.7
2019-08-24,19.6,9.2,8.0,0.7
2019-08-25,19.7,9.2,8.0,0.7
2019-08-26,19.3,9.3,7.9,0.7
2019-08-27,19.7,9.1,7.9,0.7
2019-08-28,20.3,9.0,7.8,0.6
2019-08-29,20.3,8.8,7.8,0.7
2019-08-30,19.8,9.1,7.9,0.8
2019-08-31,19.5,9.1,7.9,0.7
2019-09-01,20.5,8.9,7.9,0.7
2019-09-02,20.0,9.0,7.8,0.7
2019-09-03,19.7,9.1,7.9,0.7
2019-09-04,19.6,9.1,7.8,0.8
2019-09-05,19.2,9.2,7.7,0.9
2019-09-06,19.9,9.1,7.9,0.8
2019-09-07,18.7,8.7,7.5,0.9
2019-09-08,17.8,9.2,7.7,0.9
2019-09-09,17.8,9.3,7.7,1.1
2019-09-10,17.4,9.5,7.8,1.3
2019-09-11,17.4,9.6,7.8,1.0
2019-09-12,17.6,9.6,7.9,0.9
2019-09-13,18.1,9.5,7.9,0.8
2019-09-14,17.4,9.7,8.0,0.9
2019-09-15,16.5,9.3,7.6,1.1
2019-09-16,16.2,9.6,7.8,1.2
2019-09-17,15.6,9.7,7.7,1.2
2019-09-18,15.8,9.7,7.7,1.5
2019-09-19,15.4,9.9,7.7,1.5
2019-09-20,15.2,10.0,7.8,1.1
2019-09-21,15.5,10.0,7.8,0.9
2019-09-22,15.0,9.9,7.7,0.9
2019-09-23,15.1,10.0,7.8,1.0
2019-09-24,15.5,9.9,7.7,0.8
2019-09-25,15.3,10.1,7.8,0.7
2019-09-26,14.5,10.0,7.8,0.7
2019-09-27,14.2,10.1,7.8,0.7
2019-09-28,13.6,10.2,7.7,0.9
2019-09-29,12.2,10.4,7.6,1.4
2019-09-30,11.7,10.8,7.8,1.2
2019-10-01,11.7,10.9,7.9,0.9
2019-10-02,11.5,11.0,7.9,0.8
2019-10-03,12.1,10.7,7.8,0.7
2019-10-04,12.1,11.0,8.0,0.8
2019-10-05,12.0,11.0,8.0,0.7
2019-10-06,11.8,11.0,7.9,0.6
2019-10-07,11.7,11.1,7.9,0.6
2019-10-08,11.9,11.0,8.2,0.7
2019-10-09,10.6,11.2,7.7,0.9
2019-10-11,10.1,11.6,8.1,0.6
2019-10-12,10.3,11.5,8.2,0.7
2019-10-13,11.1,11.4,8.4,0.7
2019-10-14,10.8,11.5,8.3,0.7
2019-10-15,10.1,11.6,8.2,0.8
2019-10-16,10.1,11.3,7.9,0.9
2019-10-17,10.3,11.3,7.9,1.1
2019-10-18,10.7,11.3,7.9,1.3
2019-10-19,10.3,10.9,7.6,3.1
2019-10-20,9.7,11.3,7.5,2.6
2019-10-21,10.0,11.2,7.5,1.7
2019-10-22,10.3,11.3,7.4,2.0
2019-10-23,9.7,11.6,7.5,1.8
2019-10-24,9.5,11.6,7.5,1.4
2019-10-25,9.5,11.5,7.5,1.3
2019-10-26,9.5,11.6,7.6,1.3
2019-10-27,8.8,11.9,7.7,1.2
2019-10-28,7.9,12.1,7.7,1.1
2019-10-29,7.2,12.3,7.8,1.1
2019-10-30,6.6,12.5,7.8,1.1
2019-10-31,6.5,12.7,7.9,1.0
2019-11-01,6.7,12.6,7.8,0.9
2019-11-02,6.9,12.5,7.8,1.0
2019-11-03,6.5,12.6,7.8,0.9
2019-11-04,6.6,12.6,7.7,0.9
2019-11-05,6.6,12.4,7.7,0.9
2019-11-06,6.9,12.4,7.7,0.8
2019-11-07,6.6,12.5,7.8,0.8
2019-11-08,6.2,12.6,7.9,0.8
2019-11-09,6.6,12.5,7.8,0.8
2019-11-10,7.4,12.2,7.7,0.8
2019-11-11,7.6,12.2,7.8,0.7
2019-11-12,7.3,12.0,7.6,0.8
2019-11-13,7.7,12.0,7.8,0.8
2019-11-14,7.4,12.3,7.8,0.8
2019-11-15,7.9,11.9,7.6,0.8
2019-11-16,8.0,12.1,7.6,0.8
2019-11-17,8.4,11.6,7.5,0.7
2019-11-18,8.6,11.5,7.6,0.7
2019-11-19,8.7,11.3,7.5,1.0
2019-11-20,8.5,11.6,7.6,1.5
2019-11-21,7.3,12.0,7.6,1.0
2019-11-22,6.7,12.3,7.6,0.9
2019-11-23,6.6,12.5,7.7,0.8
2019-11-24,7.2,12.0,7.6,0.8
2019-11-25,7.4,12.1,7.7,0.9
2019-11-26,6.6,11.9,7.5,1.0
2019-11-27,5.8,12.3,7.7,1.0
2019-11-28,5.3,12.4,7.7,1.0
2019-11-29,4.7,12.9,7.8,0.9
2019-11-30,4.2,12.9,7.7,0.9
2019-12-01,4.8,12.8,7.8,0.9
2019-12-03,4.6,13.6,8.1,0.7
2019-12-04,5.2,13.4,8.4,0.7
2019-12-05,5.1,13.3,8.2,0.7
2019-12-06,5.0,13.0,7.8,0.7
2019-12-07,5.3,12.7,7.8,1.3
2019-12-08,5.8,12.5,7.6,2.8
2019-12-09,5.6,12.9,7.7,1.8
2019-12-10,5.3,13.0,7.9,1.2
2019-12-11,5.6,12.7,7.7,1.2
2019-12-13,6.0,12.9,7.5,5.9
2019-12-14,6.1,12.4,7.5,2.7
2019-12-15,6.0,12.5,7.4,2.5
2019-12-16,5.7,12.8,7.5,2.5
2019-12-17,5.3,12.8,7.5,2.3
2019-12-18,5.1,12.7,7.4,1.9
2019-12-19,5.8,12.2,7.4,3.4
2019-12-20,6.6,12.1,7.4,5.9
2019-12-21,5.9,12.3,7.4,3.5
2019-12-22,6.6,12.0,7.3,6.4
2019-12-23,6.7,12.1,7.3,4.0
2019-12-24,6.2,12.3,7.3,3.0
2019-12-25,6.2,12.4,7.4,2.5
2019-12-26,5.5,12.6,7.4,2.2
2019-12-27,5.4,12.7,7.4,2.0
2019-12-28,5.8,12.7,7.4,2.0
2019-12-29,5.8,12.7,7.5,1.8
2019-12-30,5.6,12.9,7.5,1.7
2019-12-31,5.6,12.5,7.4,1.7
2020-01-01,6.4,12.3,7.4,3.9
2020-01-02,6.0,12.5,7.4,3.6
2020-01-03,6.6,12.3,7.4,3.0
2020-01-04,6.7,12.2,7.3,4.6
2020-01-05,6.5,12.3,7.3,3.8
2020-01-06,6.8,12.2,7.3,4.3
2020-01-07,6.9,12.2,7.3,3.4
2020-01-08,6.4,12.2,7.3,4.3
2020-01-09,6.1,12.4,7.3,5.1
2020-01-10,6.2,12.3,7.3,3.6
2020-01-11,6.1,12.3,7.2,13.0
2020-01-12,6.0,12.3,7.2,10.9
2020-01-13,5.9,12.3,7.2,8.7
2020-01-14,5.7,12.4,7.2,6.7
2020-01-15,4.9,12.5,7.2,5.5
2020-01-16,5.4,12.4,7.2,6.5
2020-01-17,5.0,12.7,7.3,5.0
2020-01-18,5.4,12.6,7.3,5.6
2020-01-19,5.8,12.6,7.3,4.6
2020-01-20,5.4,12.6,7.3,3.6
2020-01-21,5.8,12.5,7.3,3.4
2020-01-22,5.9,12.4,7.3,3.7
2020-01-23,6.2,12.4,7.3,4.5
2020-01-25,6.7,12.4,7.2,7.4
2020-01-26,6.8,12.4,7.3,5.9
2020-01-27,6.6,12.4,7.3,4.8
2020-01-29,6.7,12.5,7.2,11.3
2020-01-31,7.2,12.3,7.2,6.0
2020-02-01,7.4,12.2,7.2,4.5
2020-02-02,6.8,12.4,7.3,4.6
2020-02-03,5.8,12.7,7.2,4.1
2020-02-04,5.1,12.9,7.2,3.1
2020-02-05,5.4,12.7,7.2,2.8
2020-02-06,5.9,12.8,7.3,5.1
2020-02-07,6.8,12.5,7.2,5.8
2020-02-08,6.8,12.5,7.2,4.8
2020-02-09,6.2,12.7,7.2,3.7
2020-02-10,5.8,12.7,7.2,2.9
2020-02-11,5.4,12.8,7.2,2.2
2020-02-12,5.8,12.6,7.3,2.0
2020-02-13,5.4,12.6,7.3,1.8
2020-02-14,6.0,12.5,7.3,1.7
2020-02-15,5.9,12.5,7.3,1.9
2020-02-16,6.2,12.5,7.3,6.5
2020-02-17,6.2,12.6,7.3,2.9
2020-02-18,5.7,12.6,7.3,2.6
2020-02-19,5.7,12.7,7.3,2.4
2020-02-20,5.6,12.7,7.4,2.2
2020-02-21,5.4,12.8,7.4,1.9
2020-02-22,5.4,12.8,7.4,1.8
2020-02-23,5.7,12.7,7.4,1.6
2020-02-24,5.5,13.0,7.4,1.5
2020-02-25,5.6,13.0,7.5,1.4
2020-02-26,6.1,12.7,7.4,1.3
2020-02-27,6.0,12.8,7.5,1.3
2020-02-28,6.1,12.7,7.5,1.3
2020-02-29,6.4,12.5,7.5,1.2
2020-03-01,6.1,12.8,7.5,1.4
2020-03-02,6.0,12.7,7.5,1.2
2020-03-04,7.1,12.5,7.5,1.1
2020-03-05,6.7,12.6,7.6,1.1
2020-03-06,6.8,12.3,7.5,1.1
2020-03-07,6.8,12.4,7.6,1.3
2020-03-08,6.7,12.6,7.6,1.4
2020-03-09,6.7,12.6,7.5,1.1
2020-03-10,6.8,12.6,7.6,1.0
2020-03-11,6.8,12.6,7.6,1.0
2020-03-12,6.7,12.7,7.6,1.0
2020-03-14,5.8,12.6,7.6,1.3
2020-03-15,6.1,12.8,7.8,1.3
2020-03-16,6.6,12.7,7.7,1.1
2020-03-17,6.8,12.5,7.7,1.0
2020-03-18,7.0,12.4,7.7,1.0
2020-03-19,6.9,12.6,7.8,0.9
2020-03-21,7.5,12.5,7.7,0.8
2020-03-22,7.6,12.5,7.8,0.8
2020-03-23,7.9,12.3,7.8,0.9
2020-03-24,7.5,12.3,7.8,1.1
2020-03-25,7.6,12.4,7.7,1.7
2020-03-26,7.5,12.4,7.8,1.3
2020-03-27,7.3,12.4,7.7,1.0
2020-03-28,7.7,12.3,7.7,1.1
2020-03-29,8.2,12.2,7.7,1.6
2020-03-30,7.7,12.0,7.6,2.6
2020-03-31,7.3,12.2,7.4,6.0
2020-04-01,6.9,12.4,7.4,4.7
2020-04-02,6.8,12.5,7.4,4.1
2020-04-03,6.5,12.5,7.4,3.9
2020-04-04,6.9,12.4,7.4,3.3
2020-04-05,7.7,12.2,7.5,2.9
2020-04-06,7.6,12.2,7.5,2.7
2020-04-07,8.3,12.3,7.6,2.2
2020-04-08,8.4,12.2,7.6,1.9
2020-04-09,9.0,12.1,7.6,1.8
2020-04-10,9.3,12.0,7.6,1.7
2020-04-11,9.2,11.9,7.5,1.6
2020-04-12,9.1,12.0,7.5,1.5
2020-04-13,9.2,12.0,7.6,1.4
2020-04-14,9.3,12.0,7.6,1.3
2020-04-15,9.1,11.9,7.6,1.3
2020-04-16,9.4,11.9,7.6,1.3
2020-04-17,9.7,11.8,7.6,1.3
2020-04-18,9.1,11.5,7.4,1.3
2020-04-19,9.6,11.7,7.6,1.3
2020-04-20,10.0,11.7,7.6,1.2
2020-04-21,9.6,11.7,7.5,1.2
2020-04-22,9.1,11.7,7.5,1.3
2020-04-23,9.6,11.7,7.5,1.7
2020-04-24,9.2,11.7,7.4,1.7
2020-04-25,9.8,11.6,7.4,1.6
2020-04-26,9.6,11.7,7.4,1.8
2020-04-27,10.0,11.5,7.4,1.7
2020-04-28,10.1,11.6,7.4,1.6
2020-04-29,10.4,11.4,7.4,1.6
2020-04-30,10.7,11.3,7.4,1.5
2020-05-01,10.2,11.4,7.5,1.3
2020-05-02,10.0,11.3,7.4,1.3
2020-05-03,9.7,11.6,7.5,1.5
2020-05-04,9.8,11.7,7.4,1.4
2020-05-05,10.6,11.5,7.5,1.3
2020-05-06,10.4,11.5,7.5,1.3
2020-05-07,10.7,11.5,7.6,1.3
2020-05-08,11.9,11.1,7.6,1.2
2020-05-09,12.8,10.9,7.7,1.1
2020-05-10,13.0,10.8,7.7,1.0
2020-05-11,12.5,10.6,7.5,1.1
2020-05-12,12.1,10.7,7.6,1.2
2020-05-13,12.5,10.8,7.7,1.1
2020-05-14,11.7,10.9,7.5,1.2
2020-05-15,12.2,11.0,7.7,1.2
2020-05-16,11.8,10.9,7.5,1.1
2020-05-17,12.4,10.9,7.7,1.1
2020-05-18,12.1,10.7,7.5,2.2
2020-05-19,11.6,10.9,7.5,3.4
2020-05-20,11.0,11.0,7.5,2.8
2020-05-21,11.0,11.3,7.5,3.3
2020-05-22,10.4,11.4,7.5,4.0
2020-05-23,10.3,11.6,7.6,2.7
2020-05-24,11.1,11.6,7.7,2.3
2020-05-25,10.9,11.3,7.5,1.8
2020-05-26,11.9,11.4,7.9,1.7
2020-05-27,13.0,11.1,8.0,1.5
2020-05-28,13.9,10.9,8.1,1.3
2020-05-29,14.6,10.7,8.2,1.3
2020-05-30,13.7,10.3,7.7,1.2
2020-05-31,13.5,10.7,7.9,1.5
2020-06-01,14.7,10.7,8.4,1.2
2020-06-02,15.1,10.6,8.4,1.0
2020-06-03,15.1,10.6,8.4,1.0
2020-06-04,15.2,10.5,8.4,1.0
2020-06-05,15.1,10.3,8.2,0.9
2020-06-06,14.3,10.2,7.9,1.0
2020-06-07,13.9,10.5,7.9,1.1
2020-06-08,13.8,10.5,7.8,1.3
2020-06-09,13.3,10.4,7.6,1.8
2020-06-10,13.7,10.6,7.7,2.1
2020-06-11,13.9,10.6,7.8,1.5
2020-06-12,13.2,10.4,7.6,1.4
2020-06-13,12.8,10.7,7.8,1.6
2020-06-14,13.4,10.7,7.7,2.8
2020-06-15,12.8,10.6,7.6,2.3
2020-06-16,12.1,10.7,7.5,4.0
2020-06-17,12.1,11.0,7.6,4.2
2020-06-18,12.5,11.1,7.7,2.5
2020-06-19,13.3,11.0,7.8,1.7
2020-06-20,13.0,10.7,7.7,1.7
2020-06-21,14.1,10.9,8.0,1.5
2020-06-22,15.1,10.6,8.1,1.5
2020-06-23,16.1,10.3,8.2,1.1
2020-06-24,16.0,10.2,8.1,1.1
2020-06-25,16.5,10.1,8.1,1.1
2020-06-26,17.9,10.0,8.1,1.0
2020-06-27,17.2,9.9,8.1,1.0
2020-06-28,16.0,10.0,7.8,1.1
2020-06-29,15.9,10.0,7.6,1.2
2020-06-30,16.7,10.0,8.0,1.0
2020-07-01,16.0,10.1,8.0,0.8
2020-07-02,16.1,10.2,8.2,0.9
2020-07-03,16.4,10.2,8.1,0.8
2020-07-04,16.3,10.2,8.1,0.8
2020-07-06,16.1,10.0,7.8,0.7
2020-07-07,15.8,10.2,7.9,0.7
2020-07-08,16.8,10.2,8.1,0.7
2020-07-09,16.8,10.0,8.1,0.7
2020-07-10,18.0,9.9,8.1,0.7
2020-07-11,18.3,9.8,8.1,0.6
2020-07-12,18.2,9.8,8.1,0.6
2020-07-13,18.0,9.8,8.1,0.5
2020-07-14,18.5,9.7,8.0,0.5
2020-07-15,19.1,9.6,8.0,0.4
2020-07-16,19.9,9.4,8.1,0.4
2020-07-17,19.2,9.4,8.0,0.4
2020-07-18,18.8,9.7,8.1,0.5
2020-07-19,20.1,9.2,7.9,0.3
2020-07-20,20.9,9.1,8.0,0.5
2020-07-21,21.3,9.0,8.0,0.6
2020-07-22,20.7,8.9,7.9,0.6
2020-07-25,19.0,9.4,8.0,0.8
2020-07-26,20.5,9.0,7.9,0.8
2020-07-27,21.3,8.8,7.9,0.9
2020-07-28,21.7,8.7,7.9,0.7
2020-07-29,21.3,8.8,7.9,0.8
2020-07-30,21.7,8.6,7.8,0.7
2020-07-31,22.1,8.6,7.8,0.7
2020-08-01,21.4,8.7,7.8,0.8
2020-08-02,21.4,8.7,7.8,0.8
2020-08-03,21.6,8.7,7.8,0.9
2020-08-04,21.6,8.7,7.8,0.8
2020-08-05,21.9,8.7,7.9,0.7
2020-08-06,20.1,8.8,7.7,0.8
2020-08-07,19.5,9.2,7.9,1.2
2020-08-08,19.9,9.0,7.8,1.0
2020-08-09,19.6,9.2,7.8,1.0
2020-08-10,20.4,9.0,7.8,0.9
2020-08-11,20.2,9.0,7.9,0.8
2020-08-13,19.0,9.3,7.9,0.8
2020-08-14,19.4,9.2,7.8,0.8
2020-08-15,20.4,8.9,7.8,0.7
2020-08-16,20.9,8.7,7.7,1.0
2020-08-17,20.8,8.8,7.8,0.9
2020-08-18,21.4,8.8,7.8,0.6
2020-08-19,20.9,8.9,7.8,0.6
2020-08-21,20.3,8.8,7.8,0.7
2020-08-22,20.0,9.0,7.9,0.8
2020-08-23,20.1,9.0,7.8,0.8
2020-08-24,20.1,8.9,7.8,0.7
2020-08-25,19.8,9.1,7.8,0.7
2020-08-26,19.6,9.1,7.8,0.7
2020-08-27,19.7,9.1,7.9,0.6
2020-08-28,19.8,9.1,7.8,0.7
2020-08-29,19.6,9.1,7.8,0.9
2020-08-30,18.3,9.4,7.9,0.9
2020-09-01,18.8,9.3,7.8,0.8
2020-09-02,19.8,9.1,7.8,0.8
2020-09-03,20.2,9.0,7.8,0.8
2020-09-04,20.1,9.1,7.9,0.9
2020-09-05,19.2,9.2,7.9,1.0
2020-09-06,18.6,9.4,7.8,1.0
2020-09-07,19.1,9.3,7.9,0.9
2020-09-08,17.5,9.4,7.8,0.7
2020-09-09,17.2,9.4,7.8,0.8
2020-09-11,15.7,9.6,7.6,0.7
2020-09-12,14.7,9.8,7.6,0.9
2020-09-13,14.5,9.9,7.6,1.0
2020-09-14,14.9,10.0,7.7,1.0
2020-09-15,15.4,9.8,7.7,1.0
2020-09-18,15.2,9.6,7.6,2.5
2020-09-19,15.2,10.0,7.8,1.7
2020-09-20,16.2,9.8,7.8,1.1
2020-09-21,15.7,10.0,7.8,1.0
2020-09-22,16.0,9.8,7.8,0.9
2020-09-23,15.6,9.6,7.6,1.0
2020-09-24,15.4,9.7,7.6,3.2
2020-09-25,14.9,9.9,7.7,1.7
2020-09-26,14.7,10.1,7.7,2.3
2020-09-27,15.0,10.2,7.7,1.5
2020-09-28,15.2,10.1,7.8,1.1
2020-09-29,15.5,10.0,7.7,1.0
2020-09-30,15.4,9.9,7.7,1.0
2020-10-01,15.5,10.1,7.8,1.0
2020-10-02,15.5,10.2,7.9,1.0
2020-10-03,15.7,10.0,7.8,0.9
2020-10-04,15.4,10.1,7.7,0.8
2020-10-05,15.0,10.4,7.9,0.8
2020-10-06,15.1,10.1,7.8,0.8
2020-10-07,15.0,10.2,7.9,0.8
2020-10-08,14.5,10.1,7.8,0.8
2020-10-09,14.3,10.3,7.8,0.7
2020-10-10,14.8,10.1,7.9,2.0
2020-10-11,13.6,10.3,7.7,2.3
2020-10-12,13.6,10.4,7.7,2.9
2020-10-13,12.8,10.4,7.5,2.1
2020-10-14,12.4,10.8,7.5,2.2
2020-10-16,11.9,10.9,7.7,1.3
2020-10-17,12.7,10.7,7.8,1.1
2020-10-18,12.6,10.7,7.8,0.9
2020-10-19,12.7,10.8,7.9,0.9
2020-10-20,12.3,10.8,7.9,0.8
2020-10-21,12.2,10.7,7.7,0.7
2020-10-22,10.9,11.1,7.8,0.8
2020-10-23,10.4,11.1,7.8,0.7
2020-10-24,10.9,11.2,7.9,0.7
2020-10-25,9.4,11.7,8.2,0.6
2020-10-26,8.8,11.9,8.0,0.6
2020-10-27,8.4,11.9,7.9,0.6
2020-10-28,8.7,11.8,7.8,0.6
2020-10-29,9.1,11.5,7.7,0.5
2020-10-30,8.8,11.7,7.8,0.6
2020-10-31,8.7,11.9,7.9,0.5
2020-11-01,8.3,11.9,7.8,0.5
2020-11-02,8.4,11.9,7.8,0.5
2020-11-03,8.1,11.9,7.8,0.5
2020-11-04,9.5,11.5,7.7,0.5
2020-11-05,10.2,10.9,7.6,0.6
2020-11-06,9.2,11.1,7.5,3.1
2020-11-07,8.6,11.5,7.6,2.0
2020-11-08,8.2,11.7,7.6,1.4
2020-11-09,7.9,11.9,7.6,1.2
2020-11-10,8.0,11.7,7.6,1.2
2020-11-11,8.0,11.8,7.5,1.3
2020-11-12,7.2,12.1,7.5,1.2
2020-11-13,7.8,11.6,7.5,3.5
2020-11-14,7.2,11.9,7.5,4.1
2020-11-15,7.6,11.8,7.4,9.0
2020-11-16,7.6,11.7,7.3,4.3
2020-11-17,7.9,11.5,7.3,3.4
2020-11-18,8.0,11.5,7.4,3.5
2020-11-19,8.1,11.7,7.4,4.8
2020-11-20,7.5,12.0,7.4,2.9
2020-11-21,7.0,12.1,7.4,2.4
2020-11-22,6.7,12.1,7.4,2.0
2020-11-23,6.6,12.1,7.4,1.8
2020-11-24,6.4,12.2,7.4,1.7
2020-11-25,6.7,12.0,7.4,3.5
2020-11-26,6.9,12.2,7.4,2.1
2020-11-27,6.5,12.3,7.5,1.6
2020-11-28,6.5,12.3,7.5,1.4
2020-11-29,6.7,12.2,7.5,1.3
2020-11-30,6.5,12.3,7.6,1.5
2020-12-01,5.9,12.6,7.5,1.5
2020-12-02,5.6,12.6,7.6,1.2
2020-12-03,5.6,12.8,7.6,1.1
2020-12-05,5.3,12.8,7.6,1.1
2020-12-06,5.9,12.7,7.6,1.1
2020-12-07,5.8,12.8,7.7,1.1
2020-12-08,5.6,12.9,7.7,1.0
2020-12-09,6.2,12.7,7.8,2.0
2020-12-10,5.6,12.6,7.6,1.5
2020-12-11,5.6,12.4,7.5,1.7
2020-12-12,5.7,12.5,7.5,5.2
2020-12-13,6.0,12.3,7.5,3.1
2020-12-14,6.3,12.4,7.5,3.3
2020-12-15,6.1,12.4,7.5,2.1
2020-12-16,6.1,12.2,7.4,2.6
2020-12-17,6.4,12.2,7.4,3.9
2020-12-18,6.6,12.3,7.4,3.1
2020-12-19,7.1,12.0,7.4,3.1
2020-12-20,7.8,12.0,7.2,74.1
2020-12-21,8.1,12.0,7.2,37.3
2020-12-22,7.7,12.2,7.2,17.2
2020-12-23,6.6,12.3,7.2,10.4
2020-12-24,5.7,12.5,7.2,6.5
2020-12-25,5.5,12.3,7.2,4.7
2020-12-26,6.0,12.3,7.3,4.3
2020-12-27,5.9,12.3,7.3,3.3
2020-12-28,5.5,12.3,7.3,2.9
2020-12-29,5.0,12.5,7.3,2.7
2020-12-30,5.5,12.4,7.3,2.8
2020-12-31,5.9,12.3,7.4,3.3
2021-01-01,5.8,12.3,7.3,2.6
2021-01-02,6.6,12.0,7.4,4.0
2021-01-03,7.0,12.1,7.4,12.8
2021-01-04,7.2,12.0,7.3,11.5
2021-01-05,7.1,12.1,7.3,7.4
2021-01-06,6.9,12.1,7.3,6.2
2021-01-07,7.1,12.1,7.3,5.4
2021-01-08,7.2,12.1,7.3,4.2
2021-01-09,6.6,12.2,7.3,3.5
2021-01-10,6.6,12.1,7.3,2.9
2021-01-11,6.5,12.1,7.3,2.6
2021-01-12,7.1,12.0,7.3,11.5
2021-01-13,7.8,12.4,7.2,91.6
2021-01-14,6.9,12.4,7.2,33.5
2021-01-15,6.8,12.3,7.2,13.7
2021-01-16,6.7,12.3,7.2,8.4
2021-01-17,7.0,12.1,7.3,5.8
2021-01-18,6.9,12.1,7.3,4.2
2021-01-19,6.3,12.3,7.3,3.2
2021-01-20,5.8,12.3,7.3,2.9
2021-01-21,6.1,12.2,7.3,2.6
2021-01-22,5.8,12.2,7.3,2.3
2021-01-23,5.0,12.5,7.3,2.2
2021-01-24,5.2,12.3,7.4,1.9
2021-01-25,5.4,12.3,7.4,2.1
2021-01-26,4.9,12.3,7.4,2.0
2021-01-27,4.8,12.3,7.4,1.8
2021-01-28,5.2,12.3,7.4,1.8
2021-01-29,5.4,12.3,7.4,1.7
2021-01-30,5.3,12.4,7.4,1.6
2021-01-31,5.6,12.3,7.4,1.8
2021-02-01,6.0,12.1,7.4,2.0
2021-02-02,6.3,12.1,7.4,3.9
2021-02-03,6.2,12.2,7.4,4.5
2021-02-04,6.2,12.3,7.4,2.5
2021-02-05,6.7,12.2,7.4,2.5
2021-02-06,6.4,12.2,7.4,2.4
2021-02-07,6.5,12.2,7.4,1.9
2021-02-08,6.3,12.2,7.4,1.7
2021-02-09,5.9,12.4,7.4,1.6
2021-02-11,5.4,12.5,7.5,1.3
2021-02-12,3.8,12.9,7.5,1.4
2021-02-13,3.4,13.1,7.4,2.8
2021-02-14,3.7,13.0,7.4,2.8
2021-02-15,3.9,12.9,7.4,8.3
2021-02-16,4.1,13.2,7.3,9.1
2021-02-17,4.9,12.9,7.3,7.6
2021-02-18,5.3,12.5,7.2,8.1
2021-02-19,5.9,12.4,7.3,8.3
2021-02-20,6.0,12.5,7.3,5.8
2021-02-21,6.2,12.4,7.3,4.5
2021-02-22,6.6,12.3,7.3,3.9
2021-02-23,6.2,12.6,7.4,4.5
2021-02-24,6.1,12.6,7.3,4.5
2021-02-25,5.9,12.5,7.3,3.3
2021-02-26,5.9,12.4,7.3,3.3
2021-02-27,5.8,12.5,7.3,2.8
2021-02-28,6.3,12.4,7.3,2.5
2021-03-01,6.2,12.4,7.4,2.4
2021-03-02,6.3,12.3,7.4,2.2
2021-03-03,6.4,12.2,7.4,2.0
2021-03-04,6.4,12.3,7.4,1.9
2021-03-05,6.2,12.2,7.4,1.8
2021-03-06,6.5,12.3,7.4,2.0
2021-03-07,6.5,12.3,7.5,1.6
2021-03-08,6.2,12.4,7.5,1.6
2021-03-09,6.6,12.3,7.5,1.6
2021-03-10,6.6,12.3,7.4,1.6
2021-03-11,6.7,12.4,7.5,1.4
2021-03-12,6.7,12.5,7.6,1.3
2021-03-13,6.8,12.4,7.5,1.3
2021-03-14,6.6,12.2,7.5,1.2
2021-03-15,6.4,12.5,7.6,1.4
2021-03-16,6.6,12.6,7.8,1.2
2021-03-17,7.0,12.5,7.7,1.1
2021-03-18,6.8,12.3,7.6,1.1
2021-03-19,6.9,12.4,7.8,1.2
2021-03-20,7.2,12.5,7.7,1.1
2021-03-21,6.9,12.4,7.6,1.6
2021-03-22,7.1,12.3,7.5,1.7
2021-03-23,7.4,12.4,7.4,2.0
2021-03-24,6.9,12.2,7.5,1.6
2021-03-25,7.2,12.2,7.5,1.6
2021-03-26,7.4,12.3,7.3,1.5
2021-03-27,7.9,12.5,7.7,1.4
2021-03-28,7.4,12.1,7.5,1.4
2021-03-29,7.2,12.3,7.5,1.6
2021-03-30,7.6,12.3,7.4,1.3
2021-03-31,7.7,12.5,7.9,1.2
2021-04-01,8.1,12.2,7.9,1.2
2021-04-02,8.3,12.2,7.9,1.1
2021-04-03,8.3,12.2,8.0,1.1
2021-04-04,8.5,12.0,7.6,1.1
2021-04-06,8.5,12.2,7.8,1.0
2021-04-07,8.0,11.9,7.5,1.0
2021-04-08,7.9,12.3,7.7,1.1
2021-04-09,8.2,12.3,7.8,1.1
2021-04-10,8.4,12.1,7.6,1.1
2021-04-11,8.3,12.3,8.0,1.1
2021-04-12,8.7,12.2,8.0,1.2
2021-04-13,8.4,12.2,8.0,1.1
2021-04-14,8.8,12.1,7.9,1.1
2021-04-15,9.7,11.8,7.8,1.1
2021-04-16,10.6,11.5,7.7,1.1
2021-04-17,10.5,11.6,7.7,1.2
2021-04-18,10.5,11.4,7.7,1.2
2021-04-19,10.5,11.4,7.6,1.6
2021-04-20,10.6,11.3,7.6,1.4
2021-04-21,10.6,11.2,7.5,1.4
2021-04-22,9.9,11.2,7.5,1.5
2021-04-23,10.1,11.4,7.5,1.5
2021-04-24,9.7,11.3,7.5,1.5
2021-04-25,10.1,11.2,7.5,1.5
2021-04-26,9.6,11.4,7.5,1.6
2021-04-27,10.2,11.6,7.6,1.5
2021-04-28,10.3,11.5,7.6,1.4
2021-04-29,10.7,11.4,7.5,1.4
2021-04-30,10.8,11.2,7.4,1.5
2021-05-01,10.5,11.1,7.5,1.7
2021-05-02,11.2,11.2,7.5,1.7
2021-05-03,10.9,11.2,7.4,1.6
2021-05-04,11.6,11.1,7.6,1.6
2021-05-05,11.3,11.1,7.5,1.6
2021-05-06,11.3,11.0,7.4,1.6
2021-05-07,11.1,11.1,7.5,1.5
2021-05-08,11.1,11.2,7.4,1.5
2021-05-09,11.2,11.1,7.5,1.4
2021-05-10,11.5,11.1,7.5,1.3
2021-05-11,12.0,11.0,7.5,1.4
2021-05-12,12.5,10.8,7.5,1.3
2021-05-13,13.0,10.7,7.5,1.3
2021-05-14,13.5,10.5,7.5,1.3
2021-05-15,13.8,10.3,7.5,1.3
2021-05-16,14.4,10.2,7.5,1.3
2021-05-17,13.8,10.2,7.5,1.4
2021-05-18,13.3,10.4,7.5,1.3
2021-05-19,13.0,10.4,7.5,1.3
2021-05-20,12.5,10.6,7.4,1.4
2021-05-21,11.8,10.8,7.4,1.4
2021-05-22,12.1,10.9,7.5,1.3
2021-05-23,11.6,10.9,7.5,1.3
2021-05-24,11.5,10.9,7.4,1.4
2021-05-25,11.9,10.7,7.4,1.9
2021-05-26,13.0,10.7,7.5,2.2
2021-05-27,12.8,10.6,7.5,1.6
2021-05-28,12.9,10.8,7.6,1.4
2021-05-29,13.7,10.6,7.6,1.4
2021-05-30,14.4,10.4,7.5,1.2
2021-05-31,15.1,10.3,7.6,1.3
2021-06-01,16.1,10.0,7.5,1.3
2021-06-02,16.9,9.7,7.5,1.1
2021-06-03,17.2,9.7,7.6,1.1
2021-06-04,17.2,9.7,7.6,1.1
2021-06-05,16.3,9.7,7.5,1.1
2021-06-06,15.3,9.9,7.6,1.2
2021-06-07,15.7,9.9,7.6,1.1
2021-06-08,16.0,9.8,7.6,1.0
2021-06-09,15.7,9.9,7.5,1.1
2021-06-10,15.3,10.0,7.6,1.0
2021-06-11,14.7,10.0,7.5,1.0
2021-06-12,15.9,9.9,7.6,1.0
2021-06-13,15.7,9.7,7.5,1.2
2021-06-14,15.1,10.1,7.5,1.4
2021-06-15,15.6,10.1,7.6,1.1
2021-06-16,16.4,10.0,7.6,0.7
2021-06-19,,,,
2021-06-20,,,,
2021-06-23,19.7,9.1,7.6,0.5
2021-06-24,20.3,9.0,7.6,0.5
2021-06-25,21.3,8.8,7.6,0.5
2021-06-26,22.4,8.5,7.6,0.4
2021-06-27,23.2,8.4,7.6,0.4
2021-06-28,23.9,8.2,7.6,0.4
2021-06-29,23.6,8.2,7.7,0.4
2021-06-30,21.9,8.5,7.7,0.5
2021-07-01,20.5,8.8,7.6,0.6
2021-07-02,21.4,8.8,7.7,0.5
2021-07-03,22.1,8.6,7.7,0.4
2021-07-04,22.5,8.6,7.7,0.4
2021-07-05,22.5,8.5,7.7,0.5
2021-07-06,22.6,8.6,7.8,0.4
2021-07-07,21.7,8.6,7.7,0.5
2021-07-08,21.0,8.8,7.7,0.6
2021-07-09,21.8,8.7,7.7,0.6
2021-07-10,22.6,8.6,7.7,0.6
2021-07-11,22.1,8.6,7.8,0.5
2021-07-12,22.2,8.6,7.8,0.4
2021-07-13,22.0,8.7,7.8,0.4
2021-07-14,21.7,8.6,7.7,0.4
2021-07-15,21.7,8.7,7.8,0.4
2021-07-16,21.8,8.6,7.8,0.3
2021-07-17,22.0,8.7,7.8,0.3
2021-07-18,22.2,8.5,7.7,0.3
2021-07-19,22.3,8.5,7.8,0.2
2021-07-20,21.8,8.7,7.8,0.3
2021-07-21,20.8,8.8,7.8,0.2
2021-07-22,20.6,8.8,7.8,0.2
2021-07-23,21.5,8.8,7.9,0.2
2021-07-24,22.2,8.7,7.9,0.2
2021-07-25,22.6,8.4,7.8,0.2
2021-07-26,22.4,8.5,7.8,0.1
2021-07-27,22.3,8.7,8.0,0.1
2021-07-28,22.5,8.7,7.9,0.2
2021-07-29,22.9,8.5,7.9,0.1
2021-07-30,22.3,8.5,7.8,0.2
2021-07-31,21.4,8.6,7.8,0.3
2021-08-01,22.0,8.7,7.9,0.2
2021-08-02,22.6,8.6,8.1,0.2
2021-08-03,22.9,8.6,8.1,0.1
2021-08-04,22.6,8.6,8.0,0.2
2021-08-05,22.3,8.6,8.0,0.2
2021-08-06,21.6,8.7,8.0,0.2
2021-08-07,21.7,8.6,7.9,0.3
2021-08-08,21.0,8.8,7.9,0.3
2021-08-09,20.9,8.9,8.0,0.3
2021-08-10,22.1,8.6,8.0,0.3
2021-08-11,22.9,8.5,8.0,0.2
2021-08-12,23.5,8.3,8.0,0.3
2021-08-13,23.3,8.4,8.0,0.4
2021-08-14,23.0,8.4,8.0,0.4
2021-08-15,23.0,8.4,8.0,0.5
2021-08-16,22.8,8.2,7.9,0.4
2021-08-17,20.7,8.6,7.8,0.6
2021-08-18,20.0,9.1,8.0,0.6
2021-08-19,21.5,8.7,8.1,0.5
2021-08-20,20.6,8.6,7.9,0.7
2021-08-21,19.5,8.8,7.8,0.6
2021-08-22,19.1,8.8,7.8,0.8
2021-08-23,18.3,9.4,8.0,0.8
2021-08-24,19.1,9.2,8.0,0.7
2021-08-25,19.5,9.2,8.1,0.8
2021-08-26,19.2,9.1,7.9,0.9
2021-08-27,18.9,9.1,7.9,0.8
2021-08-28,18.3,9.2,7.8,0.8
2021-08-29,19.3,8.9,7.8,0.8
2021-08-30,18.7,9.2,7.9,0.9
2021-08-31,17.9,9.3,7.9,0.8
2021-09-02,18.0,9.3,7.9,0.7
2021-09-03,17.7,9.5,8.0,0.8
2021-09-04,17.7,9.4,7.9,0.7
2021-09-05,18.9,9.2,7.8,0.6
2021-09-06,19.5,9.1,7.9,0.6
2021-09-07,18.5,9.3,8.0,0.7
2021-09-08,19.0,9.1,7.9,0.7
2021-09-09,18.8,9.2,7.9,0.8
2021-09-10,18.0,9.1,7.7,0.8
2021-09-11,17.6,9.5,7.9,0.9
2021-09-12,17.5,9.5,7.8,0.9
2021-09-13,16.8,9.6,7.8,0.8
2021-09-14,17.3,9.6,8.0,0.8
2021-09-15,18.0,9.5,8.0,0.8
2021-09-16,16.1,9.8,8.0,0.8
2021-09-17,16.1,9.8,7.9,0.9
2021-09-18,16.3,9.2,7.5,2.4
2021-09-19,15.6,9.4,7.5,2.7
2021-09-20,15.8,9.8,7.7,1.7
2021-09-21,15.7,9.9,7.7,1.1
2021-09-22,15.8,9.9,7.7,1.0
2021-09-23,16.0,9.9,7.7,0.9
2021-09-24,16.2,9.9,7.8,0.9
2021-09-25,16.5,9.7,7.8,0.8
2021-09-26,16.3,9.7,7.9,0.8
2021-09-27,15.8,9.5,7.6,1.4
2021-09-28,14.5,10.0,7.6,2.7
2021-09-29,14.3,10.2,7.7,2.2
2021-09-30,14.3,10.1,7.6,1.4
2021-10-01,14.1,10.3,7.6,1.2
2021-10-02,14.1,10.4,7.7,1.7
2021-10-03,14.0,10.4,7.7,1.2
2021-10-04,14.1,10.3,7.7,1.0
2021-10-05,13.4,10.3,7.7,1.0
2021-10-06,12.8,10.7,7.6,1.5
2021-10-07,12.5,10.9,8.0,1.2
2021-10-08,12.0,10.9,7.9,1.0
2021-10-09,12.2,11.0,8.2,0.9
2021-10-10,12.7,10.8,8.2,1.0
2021-10-11,11.8,11.0,7.8,1.1
2021-10-12,10.3,11.1,7.5,1.1
2021-10-13,10.8,11.3,8.0,1.1
2021-10-14,11.2,11.1,7.7,1.1
2021-10-15,11.3,11.3,7.9,1.1
2021-10-16,11.2,11.3,8.0,1.0
2021-10-17,10.9,11.5,8.2,1.0
2021-10-18,11.0,11.4,8.4,1.0
2021-10-19,10.8,11.3,8.2,0.9
2021-10-20,11.3,11.1,8.2,0.9
2021-10-21,11.3,11.1,8.1,0.9
2021-10-22,11.4,10.8,7.7,2.2
2021-10-23,10.8,10.8,7.5,2.0
2021-10-24,10.7,10.7,7.5,2.1
2021-10-25,10.3,10.8,7.5,2.2
2021-10-26,10.4,10.7,7.3,1.8
2021-10-27,10.2,11.0,7.3,3.0
2021-10-28,10.5,11.0,7.3,2.2
2021-10-29,10.7,10.9,7.3,3.0
2021-10-30,9.9,11.1,7.3,2.9
2021-10-31,9.9,11.2,7.3,2.0
2021-11-01,9.6,11.0,7.3,1.8
2021-11-02,9.6,11.4,7.3,1.7
2021-11-03,9.6,11.4,7.3,1.6
2021-11-05,9.2,11.4,7.3,1.9
2021-11-06,8.9,11.5,7.3,2.1
2021-11-07,8.7,11.5,7.3,2.1
2021-11-08,8.6,11.6,7.3,2.0
2021-11-09,8.5,11.5,7.2,1.9
2021-11-10,8.2,11.9,7.3,2.1
2021-11-11,8.5,11.6,7.2,2.8
2021-11-12,9.6,11.5,7.1,21.4
2021-11-13,10.3,11.3,7.0,16.7
2021-11-14,10.6,11.1,7.1,8.6
2021-11-15,10.4,10.9,7.1,5.3
2021-11-16,9.6,11.3,7.1,4.1
2021-11-17,8.7,11.4,7.1,2.8
2021-11-18,8.4,11.5,7.2,2.5
2021-11-19,8.4,11.6,7.2,2.8
2021-11-20,7.7,12.0,7.2,2.5
2021-11-21,7.2,12.1,7.2,1.9
2021-11-22,7.2,12.0,7.2,1.9
2021-11-23,7.3,11.9,7.2,2.0
2021-11-24,6.9,12.3,7.2,2.0
2021-11-25,7.0,12.2,7.2,1.6
2021-11-26,7.4,12.1,7.2,1.8
2021-11-27,7.7,11.9,7.2,1.8
2021-11-28,8.2,11.9,7.3,2.3
2021-11-29,8.6,11.6,7.2,2.0
2021-11-30,8.8,11.6,7.2,2.3
2021-12-01,9.1,11.6,7.2,1.9
2021-12-02,9.2,11.5,7.2,1.8
2021-12-03,8.3,11.7,7.2,1.7
2021-12-04,8.1,11.7,7.2,1.5
2021-12-05,8.1,12.0,7.3,1.4
2021-12-06,7.4,12.0,7.3,1.7
2021-12-07,8.1,11.9,7.3,2.9
2021-12-08,8.1,11.8,7.3,2.3
2021-12-09,7.4,12.0,7.3,2.1
2021-12-10,7.4,12.0,7.2,2.0
2021-12-11,7.6,11.8,7.2,5.4
2021-12-12,7.2,12.0,7.2,6.8
2021-12-13,7.0,11.9,7.2,5.6
2021-12-14,6.4,12.2,7.2,4.3
2021-12-15,6.1,12.3,7.2,3.4
2021-12-16,6.4,12.2,7.2,4.0
2021-12-17,6.3,12.5,7.2,2.8
2021-12-18,6.4,12.4,7.2,2.4
2021-12-19,6.2,12.3,7.2,14.1
2021-12-20,6.8,12.3,7.1,21.0
2021-12-21,6.6,12.4,7.1,12.4
2021-12-22,6.9,12.2,7.1,8.7
2021-12-23,7.0,12.1,7.1,8.7
2021-12-24,6.6,12.2,7.1,8.1
2021-12-25,6.2,12.2,7.1,5.4
2021-12-26,5.4,12.4,7.1,4.2
2021-12-27,4.9,12.6,7.1,4.2
2021-12-28,4.6,12.8,7.2,3.8
2021-12-29,4.2,12.9,7.2,2.9
2021-12-30,4.1,13.0,7.2,2.6
2021-12-31,4.1,13.0,7.2,3.0
2022-01-01,3.6,13.4,7.2,2.4
2022-01-02,3.9,13.3,7.2,2.1
2022-01-03,4.6,12.7,7.2,21.5
2022-01-04,4.8,13.0,7.2,7.3
2022-01-05,5.2,12.8,7.1,7.5
2022-01-06,6.0,12.7,7.1,30.1
2022-01-07,6.3,12.6,7.1,21.5
2022-01-08,6.1,12.8,7.1,15.0
2022-01-09,5.7,12.8,7.1,7.9
2022-01-10,5.6,12.8,7.1,5.2
2022-01-11,6.1,12.6,7.1,4.0
2022-01-12,6.4,12.5,7.2,3.1
2022-01-13,6.3,12.5,7.2,3.2
2022-01-14,6.1,12.7,7.2,3.1
2022-01-15,5.7,12.8,7.2,2.8
2022-01-16,5.6,12.8,7.2,2.5
2022-01-17,5.5,12.8,7.2,2.1
2022-01-18,5.7,12.7,7.2,1.9
2022-01-19,6.0,12.6,7.2,2.0
2022-01-20,6.6,12.6,7.2,4.5
2022-01-21,6.5,12.8,7.2,3.9
2022-01-22,6.4,12.7,7.2,3.5
2022-01-23,5.6,12.9,7.2,2.6
2022-01-24,5.1,13.0,7.2,2.1
2022-01-25,4.9,13.0,7.2,1.8
2022-01-26,4.5,13.1,7.2,1.7
2022-01-27,4.4,13.3,7.2,1.6
2022-01-28,4.4,13.3,7.2,1.5
2022-01-29,4.2,13.3,7.2,1.5
2022-01-30,4.4,13.3,7.3,1.4
2022-01-31,4.6,13.3,7.3,1.4
2022-02-01,4.5,13.4,7.3,1.3
2022-02-02,5.0,13.2,7.3,1.3
2022-02-03,5.4,13.0,7.3,1.4
2022-02-04,5.2,13.2,7.3,1.3
2022-02-05,5.8,13.1,7.3,1.2
2022-02-06,5.6,13.1,7.3,1.2
2022-02-07,5.5,13.1,7.3,1.1
2022-02-08,5.9,13.0,7.3,1.1
2022-02-09,5.8,13.1,7.4,1.1
2022-02-11,6.1,12.9,7.4,1.0
2022-02-12,5.9,12.9,7.5,1.0
2022-02-13,6.0,12.9,7.5,0.9
2022-02-14,6.1,12.8,7.5,1.1
2022-02-15,5.9,12.9,7.6,1.5
2022-02-16,5.9,12.7,7.5,1.1
2022-02-17,6.2,12.8,7.5,1.1
2022-02-18,6.0,13.0,7.5,1.2
2022-02-19,5.9,12.9,7.6,1.4
2022-02-20,6.3,12.7,7.6,1.3
2022-02-21,5.8,12.7,7.6,1.3
2022-02-22,5.2,13.0,7.6,1.2
2022-02-23,4.0,13.1,7.5,1.1
2022-02-24,3.9,13.3,7.6,1.1
2022-02-25,3.7,13.7,7.6,1.1
2022-02-26,3.7,13.6,7.6,1.1
2022-02-27,4.1,13.6,7.6,1.1
2022-02-28,5.0,12.9,7.5,10.0
2022-03-01,6.0,12.8,7.5,11.7
2022-03-02,6.7,12.5,7.4,11.2
2022-03-03,6.8,12.5,7.4,11.0
2022-03-04,6.6,12.5,7.4,6.6
2022-03-05,6.4,12.5,7.4,4.6
2022-03-06,6.2,12.6,7.4,3.6
2022-03-07,6.3,12.6,7.4,2.9
2022-03-08,6.2,12.5,7.4,2.5
2022-03-09,6.7,12.4,7.5,2.5
2022-03-10,6.0,12.6,7.5,2.1
2022-03-11,6.3,12.5,7.5,1.7
2022-03-12,6.2,12.4,7.5,1.6
2022-03-13,6.4,12.3,7.5,2.4
2022-03-14,6.4,12.5,7.6,1.7
2022-03-15,7.0,12.1,7.5,2.1
2022-03-16,7.0,12.4,7.6,2.0
2022-03-17,6.9,12.3,7.5,2.0
2022-03-18,7.4,12.2,7.5,1.9
2022-03-19,7.2,12.1,7.5,1.7
2022-03-20,7.1,12.4,7.5,1.9
2022-03-21,7.2,12.2,7.5,1.8
2022-03-22,7.9,12.1,7.5,3.1
2022-03-23,7.8,12.0,7.5,2.3
2022-03-24,8.3,11.9,7.5,2.0
2022-03-25,8.5,11.9,7.5,1.8
2022-03-26,8.8,11.7,7.4,1.5
2022-03-27,8.9,11.7,7.5,1.3
2022-03-28,8.9,11.5,7.6,1.2
2022-03-29,8.9,11.7,7.6,1.1
2022-03-30,8.6,11.9,7.6,1.1
2022-04-01,8.8,11.9,7.5,1.1
2022-04-02,8.8,11.9,7.5,1.1
2022-04-03,8.2,11.9,7.5,1.1
2022-04-04,8.4,11.6,7.4,2.0
2022-04-05,7.7,12.2,7.5,2.4
2022-04-06,7.4,12.4,7.5,2.8
2022-04-07,8.1,12.2,7.5,2.2
2022-04-08,8.2,12.0,7.5,1.9
2022-04-09,7.9,12.1,7.5,1.6
2022-04-10,7.7,12.0,7.4,1.5
2022-04-11,6.8,12.0,7.4,5.7
2022-04-12,6.5,12.2,7.4,4.1
2022-04-13,6.4,12.3,7.4,4.9
2022-04-14,6.5,12.3,7.5,3.7
2022-04-15,6.9,12.4,7.5,3.5
2022-04-16,7.1,12.2,7.4,2.6
2022-04-17,7.2,12.4,7.5,2.3
2022-04-18,7.4,11.8,7.4,2.1
2022-04-19,7.3,12.0,7.4,2.7
2022-04-20,7.1,12.0,7.5,2.5
2022-04-21,7.5,11.8,7.4,2.8
2022-04-22,7.7,12.1,7.4,2.8
2022-04-23,8.5,12.1,7.4,2.2
2022-04-24,8.8,12.0,7.4,2.1
2022-04-25,8.6,11.7,7.4,2.0
2022-04-26,8.8,11.7,7.4,1.9
2022-04-27,8.6,11.9,7.4,1.9
2022-04-28,8.4,12.0,7.5,1.7
2022-04-29,8.7,12.0,7.5,1.7
2022-04-30,8.9,11.7,7.4,3.2
2022-05-01,9.1,11.9,7.5,3.1
2022-05-02,8.9,11.7,7.4,3.1
2022-05-03,9.0,11.9,7.5,3.1
2022-05-04,9.1,11.9,7.4,2.5
2022-05-05,9.0,11.6,7.4,3.0
2022-05-06,9.0,11.5,7.3,5.7
2022-05-07,8.2,12.0,7.2,18.5
2022-05-08,7.2,12.2,7.2,14.3
2022-05-09,7.3,12.2,7.2,7.5
2022-05-10,7.9,12.1,7.2,5.4
2022-05-11,8.5,11.9,7.3,4.4
2022-05-12,8.3,11.7,7.3,3.7
2022-05-13,8.3,11.8,7.3,3.2
2022-05-14,8.7,11.8,7.3,4.7
2022-05-15,9.1,11.7,7.3,5.1
2022-05-16,9.5,11.7,7.3,4.3
2022-05-17,9.8,11.7,7.3,3.6
2022-05-18,9.5,11.5,7.3,3.1
2022-05-19,9.5,11.6,7.3,2.8
2022-05-20,8.9,11.8,7.3,2.7
2022-05-21,9.3,11.7,7.3,2.4
2022-05-22,9.9,11.6,7.4,2.4
2022-05-23,10.6,11.4,7.4,2.2
2022-05-24,10.8,11.2,7.4,2.0
2022-05-25,11.6,11.0,7.3,1.9
2022-05-26,11.4,10.8,7.3,1.9
2022-05-27,11.4,11.1,7.5,1.9
2022-05-28,11.1,11.0,7.4,1.9
2022-05-29,10.7,11.2,7.4,2.3
2022-05-30,10.3,11.5,7.4,2.4
2022-05-31,10.7,11.4,7.3,2.2
2022-06-01,11.1,11.3,7.5,2.1
2022-06-02,11.8,11.0,7.3,1.9
2022-06-03,11.8,10.9,7.4,1.9
2022-06-04,12.1,10.9,7.5,1.9
2022-06-05,12.6,10.8,7.4,2.1
2022-06-06,12.0,11.0,7.5,2.5
2022-06-07,12.0,11.1,7.5,2.3
2022-06-08,12.2,11.1,7.6,2.1
2022-06-09,11.9,10.8,7.4,2.0
2022-06-10,12.6,10.4,7.3,8.7
2022-06-11,12.1,10.7,7.1,29.9
2022-06-12,11.1,11.0,7.1,11.8
2022-06-13,10.4,11.3,7.1,7.4
2022-06-14,10.1,11.5,7.2,5.5
2022-06-15,10.1,11.4,7.2,4.5
2022-06-16,10.8,11.1,7.2,4.1
2022-06-17,10.6,11.0,7.2,3.4
2022-06-18,11.2,11.0,7.2,3.4
2022-06-19,11.1,11.1,7.3,2.9
2022-06-20,11.7,11.1,7.3,2.5
2022-06-21,12.6,10.9,7.2,2.2
2022-06-22,13.6,10.7,7.4,2.0
2022-06-23,13.9,10.6,7.4,1.9
2022-06-24,14.6,10.4,7.4,1.7
2022-06-25,15.6,10.2,7.4,1.6
2022-06-26,16.5,10.1,7.5,1.5
2022-06-27,17.1,9.9,7.4,1.2
2022-06-28,16.2,9.9,7.5,1.2
2022-06-29,17.0,10.0,7.6,1.2
2022-06-30,17.3,9.9,7.6,1.0
2022-07-01,17.0,9.8,7.4,1.1
2022-07-02,16.4,9.8,7.4,1.1
2022-07-03,16.5,9.8,7.5,1.0
2022-07-04,17.0,9.8,7.5,1.0
2022-07-05,16.8,9.6,7.4,1.0
2022-07-06,16.7,9.6,7.4,1.0
2022-07-07,17.0,9.6,7.4,0.9
2022-07-08,17.4,9.6,7.4,0.9
2022-07-09,17.6,9.5,7.4,0.9
2022-07-10,17.9,9.5,7.4,0.9
2022-07-11,18.6,9.3,7.4,0.9
2022-07-12,19.2,9.1,7.4,0.7
2022-07-13,18.8,9.2,7.5,0.7
2022-07-14,19.0,9.2,7.4,0.6
2022-07-15,19.3,9.1,7.5,0.4
2022-07-16,18.9,9.2,7.4,0.5
2022-07-17,18.7,9.2,7.5,0.4
2022-07-18,18.6,9.3,7.5,0.4
2022-07-20,20.3,8.9,7.5,0.3
2022-07-21,20.3,8.9,7.6,0.3
2022-07-22,19.6,9.0,7.6,0.4
2022-07-23,19.4,9.1,7.6,0.4
2022-07-24,19.8,9.1,7.6,0.3
2022-07-25,20.8,8.8,7.6,0.4
2022-07-26,21.1,8.7,7.5,0.4
2022-07-27,21.6,8.7,7.6,0.3
2022-07-28,21.6,8.7,7.6,0.3
2022-07-29,22.2,8.6,7.5,0.3
2022-07-30,21.9,8.6,7.6,0.2
2022-07-31,22.0,8.6,7.6,0.3
2022-08-01,22.1,8.7,7.7,0.4
2022-08-02,22.0,8.7,7.6,0.4
2022-08-03,21.8,8.7,7.7,0.4
2022-08-04,20.9,8.8,7.7,0.4
2022-08-05,20.5,8.9,7.6,0.4
2022-08-06,20.9,8.8,7.6,0.3
2022-08-07,21.4,8.7,7.6,0.3
2022-08-08,21.1,8.7,7.6,0.4
2022-08-09,20.8,8.8,7.6,0.3
2022-08-10,20.3,8.9,7.6,0.4
2022-08-11,20.0,9.1,7.7,0.3
2022-08-12,20.7,8.9,7.7,0.3
2022-08-13,20.5,8.9,7.7,0.3
2022-08-14,20.4,9.0,7.7,0.4
2022-08-15,20.6,8.9,7.7,0.3
2022-08-16,20.9,8.9,7.7,0.2
2022-08-17,21.0,8.8,7.6,0.2
2022-08-18,20.2,8.7,7.5,0.3
2022-08-19,20.2,9.1,7.7,0.3
2022-08-20,20.2,9.0,7.7,0.3
2022-08-21,20.2,9.0,7.7,0.3
2022-08-22,20.7,8.9,7.7,0.3
2022-08-23,20.7,8.9,7.7,0.3
2022-08-24,21.0,8.9,7.7,0.3
2022-08-25,21.5,8.8,7.7,0.3
2022-08-26,20.9,8.9,7.7,0.4
2022-08-27,19.7,9.1,7.7,0.4
2022-08-28,19.1,9.2,7.7,0.5
2022-08-29,20.0,9.0,7.7,0.4
2022-08-30,20.6,8.9,7.7,0.4
2022-08-31,20.8,8.9,7.7,0.4
2022-09-01,20.2,9.0,7.6,0.4
2022-09-02,19.9,9.1,7.7,0.4
2022-09-03,19.3,9.2,7.6,0.5
2022-09-04,19.0,9.3,7.7,0.5
2022-09-05,19.5,9.2,7.7,0.5
2022-09-06,18.9,9.3,7.7,0.6
2022-09-07,19.1,9.3,7.7,0.5
2022-09-08,18.3,9.5,7.7,0.6
2022-09-09,18.0,9.5,7.8,0.7
2022-09-10,17.7,9.5,7.7,0.7
2022-09-11,17.6,9.6,7.7,0.7
2022-09-12,17.8,9.5,7.7,0.7
2022-09-13,17.4,9.6,7.7,0.7
2022-09-14,17.2,9.7,7.7,0.7
2022-09-15,17.0,9.8,7.8,0.7
2022-09-16,16.8,9.8,7.8,0.6
2022-09-17,16.4,9.8,7.7,0.7
2022-09-18,16.7,9.7,7.7,0.6
2022-09-19,16.7,9.7,7.7,0.6
2022-09-20,16.7,9.8,7.7,0.7
2022-09-21,16.1,9.9,7.8,0.6
2022-09-22,16.0,9.9,7.7,0.6
2022-09-23,15.5,10.1,7.8,0.7
2022-09-24,15.8,10.0,7.7,0.7
2022-09-25,15.9,10.0,7.8,0.7
2022-09-26,16.4,9.8,7.7,0.7
2022-09-28,15.6,10.0,7.8,0.8
2022-09-29,15.6,9.7,7.6,0.9
2022-09-30,15.4,10.1,7.7,0.9
2022-10-01,15.8,10.0,7.7,0.9
2022-10-02,16.1,9.8,7.7,0.8
2022-10-03,16.0,9.9,7.8,0.8
2022-10-04,15.1,10.0,7.7,0.9
2022-10-05,14.5,10.1,7.7,0.9
2022-10-06,14.9,10.2,7.7,0.9
2022-10-07,15.1,10.2,7.8,0.9
2022-10-08,15.3,10.2,7.9,0.9
2022-10-09,15.3,10.2,7.9,0.8
2022-10-10,15.0,10.2,8.0,0.8
2022-10-11,15.1,10.1,7.9,0.8
2022-10-12,14.4,10.3,8.0,0.8
2022-10-13,14.1,10.4,7.8,0.9
2022-10-14,14.0,10.3,8.0,0.9
2022-10-15,14.0,10.3,7.9,0.9
2022-10-16,14.4,10.2,7.9,0.9
2022-10-17,14.2,10.3,8.0,0.9
2022-10-18,13.5,10.5,7.9,0.9
2022-10-19,13.3,10.5,7.9,1.0
2022-10-20,13.2,10.4,7.8,1.0
2022-10-21,12.4,10.4,7.6,1.1
2022-10-22,12.1,10.4,7.6,1.7
2022-10-23,11.9,10.7,7.6,1.7
2022-10-24,11.4,10.7,7.6,1.4
2022-10-26,10.5,11.0,7.4,1.9
2022-10-27,10.3,11.2,7.5,1.5
2022-10-28,10.0,11.2,7.5,1.4
2022-10-29,10.8,11.2,7.5,1.4
2022-10-30,10.9,11.2,7.6,1.3
2022-10-31,10.7,10.9,7.5,1.4
2022-11-01,10.1,11.1,7.5,3.1
2022-11-02,9.3,11.4,7.5,2.1
2022-11-03,9.1,11.6,7.6,1.7
2022-11-04,9.5,11.1,7.4,2.8
2022-11-05,9.3,11.7,7.1,54.2
2022-11-06,8.6,11.5,7.1,24.8
2022-11-07,7.8,11.6,7.1,9.4
2022-11-08,7.3,11.8,7.2,7.2
2022-11-09,6.8,12.0,7.2,5.5
2022-11-10,6.7,12.1,7.2,4.7
2022-11-11,6.6,12.1,7.2,4.0
2022-11-12,6.6,12.1,7.3,3.6
2022-11-13,5.9,12.4,7.2,3.5
2022-11-14,5.6,12.5,7.3,3.2
2022-11-15,5.5,12.6,7.3,2.8
2022-11-16,5.3,12.7,7.3,2.6
2022-11-17,4.8,12.8,7.3,2.5
2022-11-18,4.5,12.9,7.3,2.3
2022-11-19,4.2,13.0,7.4,2.2
2022-11-20,3.9,13.1,7.4,2.2
2022-11-21,4.3,13.0,7.4,2.1
2022-11-22,4.7,12.8,7.4,2.1
2022-11-23,4.8,12.9,7.4,2.2
2022-11-24,4.6,13.0,7.4,2.0
2022-11-25,4.4,13.0,7.4,1.9
2022-11-26,4.9,13.0,7.4,1.9
2022-11-27,5.5,12.6,7.4,2.0
2022-11-28,5.7,12.5,7.4,2.4
2022-11-29,5.0,12.6,7.4,2.2
2022-11-30,5.9,12.2,7.3,13.8
2022-12-01,5.6,12.4,7.3,5.1
2022-12-02,5.1,12.6,7.3,4.9
2022-12-03,5.1,12.6,7.3,6.9
2022-12-04,4.6,12.7,7.3,5.5
2022-12-05,4.6,12.8,7.3,4.9
2022-12-06,4.7,12.9,7.3,3.8
2022-12-07,4.5,12.9,7.3,3.0
2022-12-08,4.5,12.8,7.3,3.1
2022-12-09,4.6,12.7,7.3,4.1
2022-12-10,5.4,12.4,7.3,6.1
2022-12-11,5.3,12.4,7.3,2.9
2022-12-12,5.6,12.5,7.3,3.1
2022-12-13,5.6,12.7,7.3,3.4
2022-12-14,5.4,12.6,7.3,2.8
2022-12-15,4.7,13.0,7.3,2.7
2022-12-16,4.4,13.1,7.4,2.6
2022-12-17,4.2,13.1,7.3,2.5
2022-12-18,4.7,13.0,7.4,2.2
2022-12-19,4.8,12.9,7.4,2.0
2022-12-20,4.8,12.9,7.3,2.0
2022-12-21,4.4,13.1,7.4,2.7
2022-12-22,2.7,13.7,7.4,2.2
2022-12-23,2.6,13.5,7.3,2.3
2022-12-24,3.2,13.3,7.3,3.3
2022-12-25,3.0,13.6,7.3,6.9
2022-12-26,5.0,12.9,7.2,6.4
2022-12-27,6.5,12.4,7.2,33.4
2022-12-28,6.2,12.7,7.1,36.5
2022-12-29,6.4,12.3,7.1,14.6
2022-12-30,6.5,12.2,7.1,9.5
2022-12-31,6.6,12.3,7.1,8.4
2023-01-01,6.5,12.3,7.1,7.1
2023-01-02,5.9,12.3,7.1,5.9
2023-01-03,5.9,12.3,7.2,4.7
2023-01-04,5.5,12.3,7.2,4.2
2023-01-05,5.8,12.2,7.2,3.9
2023-01-06,5.7,12.4,7.2,3.6
2023-01-07,5.8,12.3,7.2,3.2
2023-01-08,6.2,12.1,7.2,3.7
2023-01-09,6.3,12.1,7.3,3.6
2023-01-10,6.1,12.1,7.2,3.5
2023-01-11,6.3,12.1,7.3,3.2
2023-01-12,6.5,12.1,7.2,4.0
2023-01-13,6.5,12.1,7.2,3.3
2023-01-14,6.6,11.9,7.2,4.1
2023-01-15,6.8,11.8,7.3,3.9
2023-01-16,6.6,12.0,7.2,3.9
2023-01-17,6.6,12.1,7.2,3.4
2023-01-18,6.4,12.1,7.2,3.5
2023-01-19,6.0,12.4,7.2,3.5
2023-01-20,5.6,12.6,7.2,3.0
2023-01-21,5.5,12.6,7.2,2.8
2023-01-22,5.5,12.7,7.3,2.7
2023-01-23,5.5,12.8,7.3,2.6
2023-01-24,5.0,12.9,7.3,2.5
2023-01-25,5.2,12.9,7.3,2.4
2023-01-26,5.4,12.8,7.3,2.2
2023-01-27,5.7,12.7,7.3,2.2
2023-01-28,5.8,12.6,7.3,2.2
2023-01-29,4.6,13.0,7.3,2.2
2023-01-30,3.9,13.3,7.4,2.2
2023-01-31,3.6,13.3,7.3,1.9
2023-02-01,4.2,13.1,7.3,2.0
2023-02-02,3.4,13.4,7.3,1.9
2023-02-03,3.7,13.2,7.3,2.0
2023-02-04,4.3,13.1,7.4,1.9
2023-02-05,4.7,13.0,7.4,2.3
2023-02-06,5.0,13.0,7.4,2.9
2023-02-08,5.6,12.8,7.3,2.2
2023-02-09,5.6,12.8,7.3,1.9
2023-02-10,6.1,12.7,7.3,1.9
2023-02-11,6.1,12.7,7.3,2.0
2023-02-12,5.5,13.0,7.4,1.9
2023-02-13,5.6,12.6,7.3,1.8
2023-02-14,5.3,12.6,7.3,1.9
2023-02-15,5.2,12.9,7.3,1.7
2023-02-16,4.8,13.0,7.3,1.5
2023-02-17,5.5,13.1,7.4,1.4
2023-02-18,6.1,12.9,7.5,1.4
2023-02-19,6.0,12.8,7.4,1.3
2023-02-20,5.9,13.0,7.5,1.3
2023-02-21,5.6,12.8,7.4,1.4
2023-02-22,4.9,12.9,7.4,1.9
2023-02-23,4.4,13.2,7.4,2.0
2023-02-24,4.0,13.5,7.4,1.6
2023-02-25,4.0,13.5,7.4,1.5
2023-02-26,4.0,13.2,7.4,1.6
2023-02-27,3.8,13.3,7.3,3.4
2023-02-28,3.7,13.2,7.3,2.8
2023-03-01,3.6,13.3,7.3,3.4
2023-03-02,4.2,13.1,7.3,2.3
2023-03-03,4.8,13.3,7.4,2.1
2023-03-04,5.1,13.0,7.4,2.0
2023-03-05,5.0,13.1,7.4,1.8
2023-03-06,4.8,13.5,7.5,1.8
2023-03-07,5.0,13.5,7.6,2.4
2023-03-08,4.9,13.3,7.5,2.5
2023-03-09,5.0,12.8,7.4,3.0
2023-03-10,5.7,12.7,7.3,2.4
2023-03-11,6.1,12.9,7.5,2.2
2023-03-12,5.9,12.7,7.4,2.0
2023-03-13,6.1,12.2,7.3,5.5
2023-03-14,6.1,12.6,7.3,9.1
2023-03-15,6.4,12.4,7.3,4.7
2023-03-16,6.1,12.4,7.2,4.1
2023-03-17,6.7,12.7,7.3,4.3
2023-03-18,7.3,12.0,7.2,3.7
2023-03-19,6.8,12.5,7.4,3.4
2023-03-20,7.0,12.3,7.3,3.2
2023-03-21,7.0,12.0,7.2,3.0
2023-03-23,7.1,12.0,7.3,1.9
2023-03-24,6.4,12.6,7.5,2.2
2023-03-25,6.5,12.7,7.5,3.0
2023-03-26,6.6,12.6,7.5,2.6
2023-03-27,6.2,12.8,7.5,2.4
2023-03-28,6.2,12.3,7.5,2.5
2023-03-29,6.4,12.6,7.5,4.2
2023-03-30,6.7,12.4,7.5,2.8
2023-03-31,6.6,12.3,7.5,2.4
2023-04-01,6.7,12.3,7.5,3.7
2023-04-02,6.4,12.3,7.5,4.2
2023-04-03,6.3,12.4,7.4,4.6
2023-04-04,6.4,12.3,7.3,3.8
2023-04-05,6.4,12.4,7.4,3.4
2023-04-06,6.8,11.9,7.3,3.2
2023-04-07,7.2,12.1,7.4,5.0
2023-04-08,7.1,12.2,7.5,3.5
2023-04-09,7.5,12.0,7.4,3.3
2023-04-10,7.5,11.9,7.4,6.2
2023-04-11,7.2,12.1,7.3,11.7
2023-04-12,6.7,12.3,7.3,8.1
2023-04-13,6.7,12.3,7.3,5.7
2023-04-14,7.2,12.2,7.3,3.8
2023-04-15,7.1,12.2,7.3,2.9
2023-04-16,7.5,11.9,7.3,2.5
2023-04-17,7.3,11.9,7.3,2.3
2023-04-18,7.3,11.8,7.3,2.1
2023-04-19,7.3,11.9,7.3,2.0
2023-04-20,6.6,12.1,7.3,2.1
2023-04-21,7.4,12.2,7.4,2.9
2023-04-22,8.1,12.0,7.4,1.9
2023-04-23,8.0,11.7,7.4,2.9
2023-04-24,8.3,11.9,7.4,2.7
2023-04-25,8.6,11.9,7.4,2.2
2023-04-26,8.7,11.9,7.4,1.9
2023-04-27,9.4,11.7,7.4,1.8
2023-04-28,9.8,11.6,7.4,2.0
2023-04-29,9.9,11.6,7.3,3.2
2023-04-30,9.0,11.7,7.3,3.6
2023-05-01,8.1,11.9,7.2,3.6
2023-05-02,8.2,11.8,7.3,2.7
2023-05-03,8.6,11.8,7.3,2.0
2023-05-04,8.4,11.5,7.3,2.0
2023-05-05,8.6,11.7,7.3,2.0
2023-05-06,8.3,11.8,7.3,1.9
2023-05-07,8.7,11.8,7.4,2.0
2023-05-08,8.8,11.6,7.2,2.0
2023-05-09,9.2,11.5,7.2,1.6
2023-05-11,10.1,11.6,7.4,1.2
2023-05-12,10.6,11.5,7.4,1.2
2023-05-13,11.0,11.4,7.4,1.3
2023-05-14,11.5,11.2,7.4,1.6
2023-05-15,11.8,11.2,7.3,1.9
2023-05-16,11.7,11.3,7.4,2.0
2023-05-17,11.5,11.3,7.3,1.8
2023-05-18,12.0,11.1,7.4,1.7
2023-05-19,12.2,11.1,7.4,1.6
2023-05-20,12.7,11.0,7.4,1.5
2023-05-21,12.1,10.9,7.3,1.4
2023-05-22,11.9,11.0,7.4,1.4
2023-05-23,11.6,11.1,7.4,1.3
2023-05-24,11.8,11.1,7.4,1.2
2023-05-25,12.6,10.9,7.4,1.1
2023-05-26,13.1,10.5,7.2,1.2
2023-05-27,13.4,10.7,7.5,1.0
2023-05-28,13.6,10.7,7.5,1.0
2023-05-29,14.1,10.5,7.5,1.0
2023-05-30,13.8,10.5,7.5,1.1
2023-05-31,13.3,10.5,7.4,1.1
2023-06-01,13.6,10.6,7.5,1.0
2023-06-02,14.5,10.4,7.5,1.0
2023-06-03,14.8,10.3,7.4,1.0
2023-06-04,15.0,10.2,7.5,1.0
2023-06-05,15.2,10.2,7.5,0.9
2023-06-06,15.8,10.0,7.5,0.9
2023-06-07,16.2,9.9,7.5,0.9
2023-06-08,15.9,10.0,7.6,0.9
2023-06-09,15.1,9.9,7.4,0.8
2023-06-10,16.2,10.0,7.6,0.8
2023-06-11,16.9,9.8,7.5,0.6
2023-06-12,17.7,9.6,7.5,0.6
2023-06-13,17.4,9.6,7.5,0.7
2023-06-14,16.3,9.8,7.5,0.7
2023-06-15,16.6,9.8,7.5,0.5
2023-06-16,17.5,9.5,7.5,0.5
2023-06-17,17.1,9.5,7.5,0.5
2023-06-18,15.8,9.7,7.4,0.7
2023-06-19,15.4,9.8,7.4,1.1
2023-06-20,15.4,10.0,7.5,1.0
2023-06-21,16.3,9.9,7.5,0.8
2023-06-22,17.3,9.6,7.5,0.7
2023-06-23,17.9,9.4,7.4,0.7
2023-06-24,17.8,9.5,7.5,0.7
2023-06-25,18.1,9.4,7.5,0.7
2023-06-26,18.5,9.3,7.5,0.7
2023-06-27,18.9,9.3,7.5,0.6
2023-06-28,19.3,9.2,7.4,0.6
2023-06-29,20.0,9.0,7.4,0.5
2023-06-30,20.2,9.0,7.5,0.6
2023-07-01,19.9,9.0,7.4,0.7
2023-07-02,20.2,9.0,7.5,0.7
2023-07-03,20.4,8.9,7.5,0.7
2023-07-04,20.6,8.9,7.5,0.8
2023-07-05,21.0,8.8,7.5,0.7
2023-07-06,21.4,8.8,7.5,0.7
2023-07-07,20.9,8.8,7.5,0.7
2023-07-08,20.3,8.9,7.5,0.6
2023-07-09,20.7,8.8,7.5,0.6
2023-07-10,19.9,9.0,7.5,0.7
2023-07-11,20.6,9.0,7.6,0.6
2023-07-12,21.3,8.8,7.6,0.6
2023-07-13,21.7,8.8,7.6,0.6
2023-07-14,22.0,8.8,7.6,0.7
2023-07-15,22.2,8.7,7.6,0.7
2023-07-16,22.4,8.6,7.5,0.5
2023-07-17,21.6,8.8,7.6,0.8
2023-07-18,21.3,8.9,7.6,0.7
2023-07-19,21.9,8.7,7.6,0.8
2023-07-20,22.4,8.6,7.6,0.7
2023-07-21,22.5,8.6,7.5,0.6
2023-07-22,22.5,8.5,7.5,0.6
2023-07-23,22.6,8.5,7.6,0.7
2023-07-24,21.3,8.8,7.6,0.8
2023-07-25,21.2,8.8,7.6,0.7
2023-07-26,21.0,8.8,7.6,0.6
2023-07-27,21.4,8.7,7.6,0.5
2023-07-28,21.5,8.7,7.7,0.6
2023-07-29,21.5,8.7,7.6,0.5
2023-07-30,21.4,8.8,7.6,0.5
2023-07-31,21.3,8.8,7.7,0.5
2023-08-01,21.4,8.7,7.6,0.5
2023-08-02,21.5,8.7,7.6,0.5
2023-08-03,21.7,8.7,7.6,0.5
2023-08-04,21.3,8.9,7.7,0.6
2023-08-05,20.2,8.9,7.6,0.7
2023-08-06,20.2,9.1,7.6,0.7
2023-08-07,21.0,8.7,7.5,0.6
2023-08-08,21.4,8.9,7.8,0.6
2023-08-09,21.6,8.8,7.8,0.6
2023-08-10,21.6,8.9,7.8,0.6
2023-08-11,21.2,8.9,7.7,0.7
2023-08-12,21.5,8.9,7.7,0.7
2023-08-13,22.0,8.8,7.7,0.8
2023-08-14,22.5,8.6,7.8,0.8
2023-08-15,22.8,8.7,7.8,0.8
2023-08-16,23.1,8.6,7.7,0.7
2023-08-17,22.2,8.6,7.7,0.7
2023-08-18,21.3,8.9,7.8,0.7
2023-08-19,20.5,9.0,7.7,0.8
2023-08-20,20.3,9.0,7.8,0.7
2023-08-21,20.1,9.1,7.9,0.7
2023-08-22,20.0,9.1,7.8,0.7
2023-08-23,19.9,9.2,7.8,0.7
2023-08-24,20.0,9.2,7.8,0.6
2023-08-25,21.2,9.0,7.9,0.6
2023-08-26,21.4,9.0,7.8,0.6
2023-08-27,21.3,9.0,7.9,0.5
2023-08-28,19.9,8.9,7.6,0.7
2023-08-29,18.9,9.3,7.7,0.7
2023-08-30,19.2,9.4,7.8,0.7
2023-08-31,18.4,9.1,7.5,1.0
2023-09-01,18.8,9.3,7.7,1.1
2023-09-02,19.1,9.4,7.8,0.8
2023-09-03,18.6,9.4,7.8,0.8
2023-09-04,17.7,9.5,7.8,0.8
2023-09-05,17.7,9.7,7.9,0.8
2023-09-06,17.7,9.7,7.9,0.7
2023-09-07,18.1,9.6,7.9,0.7
2023-09-08,17.7,9.7,7.9,0.6
2023-09-09,17.8,9.7,7.9,0.6
2023-09-10,18.1,9.6,7.9,0.7
2023-09-11,17.8,9.6,7.9,0.7
2023-09-12,18.2,9.5,7.9,0.7
2023-09-13,18.2,9.5,7.7,0.7
2023-09-15,18.0,9.6,7.9,0.5
2023-09-16,18.0,9.7,8.1,0.6
2023-09-17,17.5,9.8,8.1,0.6
2023-09-18,17.1,9.8,8.0,0.7
2023-09-19,16.3,10.0,8.0,0.7
2023-09-20,16.2,10.0,7.9,0.7
2023-09-21,15.3,10.3,8.0,0.7
2023-09-22,16.0,10.0,8.0,0.6
2023-09-23,15.8,10.1,7.9,0.6
2023-09-24,14.8,10.0,7.7,0.6
2023-09-25,14.7,9.9,7.6,0.8
2023-09-26,14.5,10.3,7.9,1.3
2023-09-27,14.6,10.3,7.9,1.1
2023-09-28,14.3,10.4,7.8,1.1
2023-09-29,14.2,10.3,7.9,0.9
2023-09-30,14.0,10.5,8.0,0.7
2023-10-01,13.7,10.7,7.9,0.7
2023-10-02,13.2,10.5,7.7,0.8
2023-10-03,13.7,10.5,7.7,1.1
2023-10-04,13.4,10.7,7.8,1.2
2023-10-05,14.2,10.6,7.9,0.8
2023-10-06,14.5,10.4,7.9,0.7
2023-10-07,14.8,10.3,8.1,0.7
2023-10-08,14.8,10.3,8.1,0.7
2023-10-09,14.2,10.2,7.9,0.7
2023-10-10,13.6,10.3,7.7,0.8
2023-10-11,13.6,10.3,7.8,1.2
2023-10-12,13.6,10.3,7.6,2.4
2023-10-13,13.0,10.7,7.8,1.3
2023-10-14,13.1,10.7,7.9,1.1
2023-10-15,13.2,10.8,7.7,1.0
2023-10-16,13.4,10.6,8.0,1.1
2023-10-17,13.0,10.6,7.4,1.4
2023-10-18,12.7,10.8,7.6,1.0
2023-10-19,12.6,10.7,7.5,0.8
2023-10-20,13.0,10.8,7.9,0.7
2023-10-21,12.9,10.6,7.9,0.7
2023-10-22,12.7,10.7,7.7,0.7
2023-10-23,12.4,10.9,7.8,0.7
2023-10-24,11.6,10.8,7.6,0.7
2023-10-25,11.0,10.9,7.5,1.2
2023-10-26,10.8,11.2,7.5,1.7
2023-10-27,10.3,11.6,7.8,1.0
2023-10-28,9.0,11.9,7.7,0.9
2023-10-29,8.6,12.1,7.8,0.9
2023-10-30,8.5,12.2,8.1,0.8
2023-10-31,8.3,12.3,7.9,0.7
2023-11-01,8.7,11.9,7.9,0.7
2023-11-02,9.4,11.7,7.5,1.4
2023-11-03,9.0,11.9,7.6,1.3
2023-11-04,9.5,11.3,7.4,3.3
2023-11-05,9.5,11.4,7.4,4.5
2023-11-06,10.2,10.9,7.3,5.8
2023-11-07,10.1,11.3,7.3,5.2
2023-11-08,9.4,11.6,7.2,3.3
2023-11-09,8.6,11.7,7.3,2.9
2023-11-10,8.8,11.7,7.3,2.3
2023-11-11,8.7,11.7,7.3,1.8
2023-11-12,8.5,11.8,7.4,1.6
2023-11-13,8.9,11.7,7.4,1.6
2023-11-14,8.3,11.8,7.3,1.3
2023-11-15,8.7,11.6,7.3,1.1
2023-11-16,8.9,11.8,7.3,0.9
2023-11-17,8.3,11.9,7.4,0.8
2023-11-18,8.1,11.9,7.5,0.7
2023-11-19,8.5,11.9,7.5,1.0
2023-11-20,8.2,12.0,7.4,0.9
2023-11-21,7.4,12.4,7.5,0.8
2023-11-22,8.0,12.1,7.4,0.7
2023-11-23,7.9,12.2,7.4,0.9
2023-11-24,6.7,12.6,7.5,0.7
2023-11-25,6.1,12.8,7.5,0.7
2023-11-26,5.9,12.8,7.6,0.6
2023-11-27,5.7,13.0,7.6,0.6
2023-11-28,5.3,12.9,7.4,0.5
2023-11-29,4.8,12.9,7.4,0.5
2023-11-30,4.8,12.8,7.4,0.5
2023-12-01,5.5,12.9,7.4,0.8
2023-12-02,6.1,12.5,7.4,5.1
2023-12-03,6.0,13.0,7.4,11.7
2023-12-04,7.9,12.3,7.2,28.2
2023-12-05,8.7,11.9,7.2,12.7
2023-12-06,9.1,11.7,7.1,10.1
2023-12-07,8.7,11.8,7.2,6.4
2023-12-08,7.8,12.2,7.2,5.1
2023-12-09,6.8,12.3,7.2,3.7
2023-12-10,7.2,12.3,7.2,17.8
2023-12-11,7.9,12.2,7.2,16.5
2023-12-12,7.7,12.2,7.2,7.5
2023-12-13,7.4,12.1,7.2,4.9
2023-12-15,6.6,12.3,7.2,2.5
2023-12-16,6.2,12.4,7.2,2.3
2023-12-17,6.0,12.5,7.3,2.0
2023-12-18,6.4,12.3,7.3,2.0
2023-12-19,6.6,12.2,7.3,2.0
2023-12-20,6.3,12.4,7.3,2.0
2023-12-21,6.2,12.5,7.3,1.7
2023-12-22,6.5,12.4,7.4,1.8
2023-12-23,6.2,12.6,7.4,3.1
2023-12-24,5.9,12.6,7.4,1.9
2023-12-25,6.4,12.4,7.4,2.0
2023-12-26,6.8,12.4,7.4,3.8
2023-12-27,6.7,12.3,7.4,2.5
2023-12-28,6.6,12.4,7.4,2.0
2023-12-29,7.0,12.2,7.4,2.0
2023-12-30,7.5,12.1,7.4,2.0
2023-12-31,7.0,12.4,7.4,2.1
